INSERT INTO CHARACTER (id, name, description) VALUES (1, 'Hulk', 'Herói verde');
INSERT INTO CHARACTER (id, name, description) VALUES (2, 'Spider-man', 'Peter parker nas horas vagas');
INSERT INTO CHARACTER (id, name, description) VALUES (3, 'Iron-man', 'Tony Stark nas horas vagas');
INSERT INTO CHARACTER (id, name, description) VALUES (4, 'Thor', 'Filho de Odin que arranca suspiros pelos 9 mundos da yggdrasil');
INSERT INTO CHARACTER (id, name, description) VALUES (5, 'Groot', 'Árvorezinha encantadora');
INSERT INTO COMIC (id, title) VALUES (1, 'Comic Hulk');
INSERT INTO COMIC (id, title) VALUES (2, 'Comic Hulk 2');
INSERT INTO COMIC (id, title) VALUES (3, 'Comic Iron-man');
INSERT INTO COMIC (id, title) VALUES (4, 'Comic Thor');
INSERT INTO COMIC (id, title) VALUES (5, 'Comic Groot');
INSERT INTO CHARACTER_COMIC(character_id, comic_id) values (1, 1);
INSERT INTO CHARACTER_COMIC(character_id, comic_id) values (1, 2);
INSERT INTO CHARACTER_COMIC(character_id, comic_id) values (3, 3);
INSERT INTO CHARACTER_COMIC(character_id, comic_id) values (5, 5);
INSERT INTO EVENT (id, title, description)  VALUES (1, 'Exterminação em massa de Thanos', 'Thanos estalou os dedos e eliminou metade da população mundial');
INSERT INTO EVENT (id, title, description) VALUES (2, 'Jane Foster encontra o Éter', '');
INSERT INTO EVENT (id, title, description) VALUES (3, 'Morte do Groot', '');
INSERT INTO CHARACTER_EVENT(CHARACTER_ID, EVENT_ID) VALUES (1, 1);
INSERT INTO CHARACTER_EVENT(CHARACTER_ID, EVENT_ID) VALUES (2, 1);
INSERT INTO CHARACTER_EVENT(CHARACTER_ID, EVENT_ID) VALUES (3, 1);
INSERT INTO CHARACTER_EVENT(CHARACTER_ID, EVENT_ID) VALUES (4, 1);
INSERT INTO CHARACTER_EVENT(CHARACTER_ID, EVENT_ID) VALUES (4, 2);
INSERT INTO CHARACTER_EVENT(CHARACTER_ID, EVENT_ID) VALUES (5, 1);
INSERT INTO CHARACTER_EVENT(CHARACTER_ID, EVENT_ID) VALUES (5, 3);
INSERT INTO STORY (id, title, description) VALUES (1, 'Guerra infinita', 'Guerra infinita');
INSERT INTO STORY (id, title, description) VALUES (2, 'Guardiões da galáxia', 'Guardiões da galáxia');
INSERT INTO CHARACTER_STORY(CHARACTER_ID, STORY_ID) VALUES (1, 1);
INSERT INTO CHARACTER_STORY(CHARACTER_ID, STORY_ID) VALUES (2, 1);
INSERT INTO CHARACTER_STORY(CHARACTER_ID, STORY_ID) VALUES (3, 1);
INSERT INTO CHARACTER_STORY(CHARACTER_ID, STORY_ID) VALUES (4, 1);
INSERT INTO CHARACTER_STORY(CHARACTER_ID, STORY_ID) VALUES (5, 1);
INSERT INTO CHARACTER_STORY(CHARACTER_ID, STORY_ID) VALUES (5, 2);
INSERT INTO CHARACTER_STORY(CHARACTER_ID, STORY_ID) VALUES (4, 2);
INSERT INTO SERIE (id, title, description) VALUES (1, 'SHIELD', 'Agentes da S.H.I.E.L.D');
INSERT INTO CHARACTER_SERIE(CHARACTER_ID, SERIE_ID) VALUES (1, 1);
INSERT INTO CHARACTER_SERIE(CHARACTER_ID, SERIE_ID) VALUES (3, 1);